{
	"camera" : {
		"eye" : [0.0, 0.0, 1.0],
		"up" : [0.0, 1.0, 0.0],
		"at" : [0.0, 0.0, -1.0],
		"fovy" : 45, "aspect" : 1 
	},
	"bounce_depth" : 5,
	"shadow_bias" : 0.0001,

	"lights" : [ 
		{"source" : "Ambient", "color" : [0.05,0.05,0.05]},
		{"source" : "Point", "position" : [0, 0, -1.5], "color" : [0.75,0.75,0.75]}
	],

	"materials" : [ 
		{
			"ka" : [0,0,1],
			"kd" : [0,0,1],
			"ks" : [1,1,1],
			"shininess" : 50,
			"kr" : [0.9,0.9,0.9]
		},
		{
			"ka" : [1,0,0],
			"kd" : [1,0,0],
			"ks" : [1,1,1],
			"shininess" : 50,
			"kr" : [0.9,0.9,0.9]
		},
		{
			"ka" : [0,1,0],
			"kd" : [0,1,0],
			"ks" : [1,1,1],
			"shininess" : 50,
			"kr" : [0.9,0.9,0.9]
		},
		{
			"ka" : [1,1,0],
			"kd" : [1,1,0],
			"ks" : [1,1,1],
			"shininess" : 50,
			"kr" : [0.9,0.9,0.9]
		}
	],

	"surfaces" : [
		{
			"shape" : "Sphere",
			"center" : [0,0,0],
			"radius" : 0.5,
			"material" : 0,
			"transforms" : [
				["Translate", [-1, 0, -3]]
			]			
		},
		{
			"shape" : "Sphere",
			"center" : [0,0,0],
			"radius" : 0.5,
			"material" : 1,
			"transforms" : [
				["Translate", [1, 0, -3]]
			]			
		},
		{
			"shape" : "Sphere",
			"center" : [0,0,0],
			"radius" : 0.5,
			"material" : 2,
			"transforms" : [
				["Translate", [0, -1, -3]]
			]			
		},
		{
			"shape" : "Sphere",
			"center" : [0,0,0],
			"radius" : 0.5,
			"material" : 3,
			"transforms" : [
				["Translate", [0, 1, -3]]
			]			
		}
	]
}